Initials,Time
ABC,7.806278699999999
N/A,0.0
ABC,10.115948900000005
ABC,6.3220388
ABC,12.795382399999998
