Initials,Time
ABC,7.806278699999999
N/A,0.0
ABC,12.795382399999998
ABC,10.425511699999998
ABC,9.0553819
