Initials,Time
ABC,7.806278699999999
N/A,0.0
ABC,13.3604913
N/A,0.0
N/A,0.0
