Initials,Time
ABC,7.806278699999999
N/A,0.0
ABC,8.305852900000048
ABC,10.586911700000002
ABC,10.586911700000002
