Initials,Time
ABC,7.806278699999999
ABC,9.609853799999996
N/A,0.0
N/A,0.0
ABC,10.3429928
