Initials,Time
ABC,7.806278699999999
N/A,0.0
ABC,12.730634299999998
N/A,0.0
ABC,10.3429928
