Initials,Time
ABC,7.806278699999999
ABC,10.425511699999998
N/A,0.0
ABC,12.795382399999998
N/A,0.0
