Initials,Time
ABC,7.806278699999999
ABC,10.8370217
N/A,0.0
ABC,10.115948900000005
ABC,12.795382399999998
