Initials,Time
ABC,7.806278699999999
N/A,0.0
ABC,12.795382399999998
ABC,9.9563026
N/A,0.0
