Initials,Time
ABC,7.806278699999999
ABC,7.741850600000001
N/A,0.0
N/A,0.0
initials,10.0
