Initials,Time
ABC,7.806278699999999
ABC,10.342992800000001
N/A,0.0
N/A,0.0
N/A,0.0
