Initials,Time
ABC,7.806278699999999
ABC,13.555624899999998
N/A,0.0
N/A,0.0
initials,10.0
