Initials,Time
ABC,7.806278699999999
N/A,0.0
N/A,0.0
ABC,9.609853799999996
ABC,10.3429928
