Initials,Time
ABC,7.806278699999999
N/A,0.0
ABC,11.156008
N/A,0.0
ABC,10.3429928
