Initials,Time
ABC,11.119873100000003
N/A,0.0
N/A,0.0
N/A,0.0
ABC,8.5769397
